level_1,question
Core Brand Image,What is Oatly in one clear sentence?
Core Brand Image,How is Oatly most commonly described as a brand?
Core Brand Image,What does Oatly stand for in the minds of people and AI systems?
Core Brand Image,What are the strongest recurring signals in Oatly's core brand image?
Associations & Positioning,"Which ideas, values, or lifestyles are most associated with Oatly?"
Associations & Positioning,How is Oatly positioned relative to dairy and other plant-based brands?
Associations & Positioning,Which consumer segments are most strongly associated with Oatly?
Associations & Positioning,What emotional or symbolic associations appear most often around Oatly?
Tone & Brand Personality,How is Oatly's communication tone typically described?
Tone & Brand Personality,Which personality traits are most frequently attributed to Oatly?
Tone & Brand Personality,Where is Oatly's tone seen as distinctive versus polarizing?
Tensions & Criticism,What are the most common criticisms or skeptical claims about Oatly?
Tensions & Criticism,Which tensions or contradictions appear in how Oatly is described?
Tensions & Criticism,What perception risks are most likely to harm trust in Oatly?
Reasons to Choose / Avoid,What are the strongest reasons to choose Oatly?
Reasons to Choose / Avoid,What are the strongest reasons to avoid Oatly?
Reasons to Choose / Avoid,In which use-cases is Oatly typically recommended?
Reasons to Choose / Avoid,In which use-cases is Oatly typically not recommended?
Reasons to Choose / Avoid,How does AI frame the trade-offs between Oatly and dairy milk?
Reasons to Choose / Avoid,How does AI frame the trade-offs between Oatly and other plant-based alternatives?
