level_1,level_2,level_3,level_4,level_5,question
How is Oatly's overall digital footprint perceived across web and AI?,What defines Oatly's core brand image today?,Which core claims are repeated most often?,How do people summarize Oatly in one line?,What exact wording dominates quick descriptions?,What is Oatly in one clear sentence?
How is Oatly's overall digital footprint perceived across web and AI?,What defines Oatly's core brand image today?,Which core claims are repeated most often?,How do people summarize Oatly in one line?,What stable identity signals appear across sources?,How is Oatly most commonly described as a brand?
How is Oatly's overall digital footprint perceived across web and AI?,What defines Oatly's core brand image today?,What mission or stance is inferred?,What does Oatly stand for culturally?,Which values are most frequently attached to Oatly?,What does Oatly stand for in the minds of people and AI systems?
How is Oatly's overall digital footprint perceived across web and AI?,What defines Oatly's core brand image today?,Which recurring cues shape memory?,Which recurring image cues are strongest?,Which motifs persist regardless of source type?,What are the strongest recurring signals in Oatly's core brand image?
How is Oatly's overall digital footprint perceived across web and AI?,How is Oatly positioned against alternatives?,Which associations cluster around Oatly?,What value themes are most visible?,Which ideas or lifestyles are repeatedly linked?,"Which ideas, values, or lifestyles are most associated with Oatly?"
How is Oatly's overall digital footprint perceived across web and AI?,How is Oatly positioned against alternatives?,How is competitive framing expressed?,How does Oatly compare to dairy and plant-based?,Which positioning claims appear most consistently?,How is Oatly positioned relative to dairy and other plant-based brands?
How is Oatly's overall digital footprint perceived across web and AI?,How is Oatly positioned against alternatives?,Who is Oatly associated with?,Which audience segments are implied?,Which segment signals are repeated across sources?,Which consumer segments are most strongly associated with Oatly?
How is Oatly's overall digital footprint perceived across web and AI?,How is Oatly positioned against alternatives?,What symbolic meaning is attached?,How is emotional framing described?,Which symbolic cues recur most often?,What emotional or symbolic associations appear most often around Oatly?
How is Oatly's overall digital footprint perceived across web and AI?,How is Oatly's tone and personality interpreted?,How is communication style described?,Which tone descriptors are repeatedly used?,What wording defines voice and style?,How is Oatly's communication tone typically described?
How is Oatly's overall digital footprint perceived across web and AI?,How is Oatly's tone and personality interpreted?,Which personality traits are inferred?,What trait clusters appear most often?,Which traits are most consistently attributed?,Which personality traits are most frequently attributed to Oatly?
How is Oatly's overall digital footprint perceived across web and AI?,How is Oatly's tone and personality interpreted?,Where does tone create contrast?,When is tone seen as distinctive versus polarizing?,Which examples show divergence in interpretation?,Where is Oatly's tone seen as distinctive versus polarizing?
How is Oatly's overall digital footprint perceived across web and AI?,What criticisms or trust risks shape perception?,Which critiques are most common?,What skeptical narratives recur?,Which claims are repeated with third-party support?,What are the most common criticisms or skeptical claims about Oatly?
How is Oatly's overall digital footprint perceived across web and AI?,What criticisms or trust risks shape perception?,What internal tensions are visible?,Which contradictions appear in narratives?,Where do messages conflict across sources?,Which tensions or contradictions appear in how Oatly is described?
How is Oatly's overall digital footprint perceived across web and AI?,What criticisms or trust risks shape perception?,What trust risks are emphasized?,Which risks could damage confidence?,Which concerns appear most actionable?,What perception risks are most likely to harm trust in Oatly?
How is Oatly's overall digital footprint perceived across web and AI?,When do people choose or avoid Oatly?,Why do people choose Oatly?,Which benefit claims recur?,What strongest pro-choice reasons are repeated?,What are the strongest reasons to choose Oatly?
How is Oatly's overall digital footprint perceived across web and AI?,When do people choose or avoid Oatly?,Why do people avoid Oatly?,Which drawback claims recur?,What strongest avoid reasons are repeated?,What are the strongest reasons to avoid Oatly?
How is Oatly's overall digital footprint perceived across web and AI?,When do people choose or avoid Oatly?,In what situations is Oatly preferred?,Which use-cases are recommended?,Which contexts show strongest recommendation fit?,In which use-cases is Oatly typically recommended?
How is Oatly's overall digital footprint perceived across web and AI?,When do people choose or avoid Oatly?,In what situations is Oatly not preferred?,Which use-cases are not recommended?,Which contexts show weakest recommendation fit?,In which use-cases is Oatly typically not recommended?
How is Oatly's overall digital footprint perceived across web and AI?,When do people choose or avoid Oatly?,How are trade-offs with dairy framed?,What comparison dimensions are emphasized?,Which pros and cons are most repeated versus dairy?,How does AI frame the trade-offs between Oatly and dairy milk?
How is Oatly's overall digital footprint perceived across web and AI?,When do people choose or avoid Oatly?,How are trade-offs with alternatives framed?,What comparison dimensions are emphasized?,Which pros and cons are most repeated versus plant-based options?,How does AI frame the trade-offs between Oatly and other plant-based alternatives?
